id;first_name;last_name;email;date_of_birth;gender;phone_number;address
1;Andrés;Pacheco;Eva71@hotmail.com;2023-11-17;S;Corporativo Yuan Música;Franc Datos
2;Ana María;Vázquez;Mara_Mesa@gmail.com;2023-11-17;r;global;incremental Account
3;Tomás;Alanis;LuisMiguel72@yahoo.com;2023-11-17;L;Respuesta Ladrillo;Ladrillo Puerta action-items
4;Jorge Luis;Palomo;Manuela86@yahoo.com;2023-11-17;u;el innovate;Solar Práctico
5;Amalia;Manzanares;Ignacio_Perea28@gmail.com;2023-11-17;E;hack;Relacciones copying
6;Clemente;Muro;Susana.Solorio30@hotmail.com;2023-11-17;A;equipos leverage;Salud utilización Lats
7;María del Carmen;Aragón;Arturo68@hotmail.com;2023-11-17;n;Puerta Aragón;Account extranet
8;Andrea;Esparza;Maricarmen_Ramos10@gmail.com;2023-11-17;a;Avon;Investigación
9;María;Benavides;Concepcin_Robles76@yahoo.com;2023-11-17;P;reboot Inverso;Krona microchip reboot
10;Esperanza;Pineda;Juana36@hotmail.com;2023-11-17;F;Account;JBOD Lugar
